﻿Designator,Footprint,Quantity,Value,LCSC Part #
"C1, C2",0603,2,10uF,
D2,0603,1,GREEN,
D3,0603,1,RED,
"H1, H2, H3, H4",MountingHole_2.2mm_M2_Pad,4,MountingHole_Pad,
"J1, J2",PinSocket_1x15_P2.54mm_Vertical,2,Conn_01x15,
J3,JST_GH_SM02B-GHS-TB_1x02-1MP_P1.25mm_Horizontal,1,CN2,
"Q1, Q10, Q2, Q3, Q4, Q5, Q6, Q7, Q8, Q9",SOT-23,10,BC817,
"R1, R10, R2, R3, R4, R5, R6, R7, R8, R9",0603,10,220,
"R11, R12",0603,2,1k,
R13,0603,1,2k,
"TP1, TP10, TP11, TP12, TP2, TP3, TP4, TP5, TP6, TP7, TP8, TP9",PinHeader_1x01_P2.54mm_Vertical,12,TestPoint,
U1,SOT-23-5_HandSoldering,1,MCP73831T-2ACI/OT,
